graph_idx,lp/model,lp_protocol,overlap/auc,overlap/num_eval_pairs,overlap/edge_presence_rate,lp/best_val_auc,lp/best_epoch,lp/best_num_layers,lp/best_hidden_dim,lp/best_dropout,lp/best_lr,lp/train_num_pos,lp/val_num_pos,lp/val_num_neg,lp/auc,lp/score_sp_gap,lp/score_sp_abs_gap,lp/sp_gap,lp/sp_abs_gap,lp/eo_gap,lp/eo_abs_gap,lp/score_mean_sensitive,lp/score_mean_nonsensitive,lp/hard_rate_sensitive,lp/hard_rate_nonsensitive,lp/num_eval_pairs,value/linkpred_auc,fair_gap,fair_abs_gap,value/fair_gap,value/fair_abs_gap
0.0,gcn,gae_val,0.4997158014399394,10556.0,0.0010420613689348102,0.7417087255245077,11.0,2.0,128.0,0.1,0.01,3726.0,932.0,932.0,0.49386424390834366,0.0020187701989566875,0.0020187701989566875,0.009000927209854126,0.009000927209854126,0.023242831230163574,0.023242831230163574,0.506661647053617,0.5046428768546604,0.48829278349876404,0.4792918562889099,10556.0,0.4997158014399394,0.0020187701989566875,0.0020187701989566875,0.0020187701989566875,0.0020187701989566875
